use AutoRental;

INSERT INTO cliente (id, nombre1, nombre2, apellido1, apellido2, email, cedula, celular, ciudad_residencia, direccion) VALUES
(1, 'Juan', 'Carlos', 'González', 'Pérez', 'juancarlos1@example.com', 1234567890, '3001234567', 'Bogotá', 'Calle 1 #23-45'),
(2, 'María', 'Elena', 'Ramírez', 'López', 'mariaelena2@example.com', 2345678901, '3002345678', 'Medellín', 'Carrera 2 #34-56'),
(3, 'Pedro', 'Andrés', 'Martínez', 'García', 'pedroandres3@example.com', 3456789012, '3003456789', 'Cali', 'Avenida 3 #45-67'),
(4, 'Ana', 'Isabel', 'Rodríguez', 'Hernández', 'anaisabel4@example.com', 4567890123, '3004567890', 'Barranquilla', 'Diagonal 4 #56-78'),
(5, 'Luis', 'Miguel', 'Hernández', 'Sánchez', 'luismiguel5@example.com', 5678901234, '3005678901', 'Cartagena', 'Transversal 5 #67-89'),
(6, 'Laura', 'Patricia', 'López', 'Gómez', 'laurapatricia6@example.com', 6789012345, '3006789012', 'Bucaramanga', 'Calle 6 #78-90'),
(7, 'Jorge', 'Luis', 'Pérez', 'Torres', 'jorgeluis7@example.com', 7890123456, '3007890123', 'Pereira', 'Carrera 7 #89-01'),
(8, 'Carolina', 'Andrea', 'Gómez', 'Ramírez', 'carolinaandrea8@example.com', 8901234567, '3008901234', 'Manizales', 'Avenida 8 #90-12'),
(9, 'Ricardo', 'José', 'Torres', 'Martínez', 'ricardojose9@example.com', 9012345678, '3009012345', 'Cúcuta', 'Diagonal 9 #01-23'),
(10, 'Catalina', 'Sofía', 'García', 'Rodríguez', 'catalinasofia10@example.com', 1234567891, '3001234568', 'Santa Marta', 'Transversal 10 #12-34'),
(11, 'Andrés', 'Felipe', 'Moreno', 'Rojas', 'andresfelipe11@example.com', 1122334455, '3101234567', 'Ibagué', 'Calle 11 #23-45'),
(12, 'Valentina', 'María', 'Ortiz', 'Guzmán', 'valentinamaria12@example.com', 2233445566, '3102345678', 'Neiva', 'Carrera 12 #34-56'),
(13, 'Santiago', 'David', 'Jiménez', 'Peña', 'santiagodavid13@example.com', 3344556677, '3103456789', 'Popayán', 'Avenida 13 #45-67'),
(14, 'Camila', 'Fernanda', 'Castro', 'Mendoza', 'camilafernanda14@example.com', 4455667788, '3104567890', 'Pasto', 'Diagonal 14 #56-78'),
(15, 'Gabriel', 'Alejandro', 'Suárez', 'Ortiz', 'gabrielalejandro15@example.com', 5566778899, '3105678901', 'Armenia', 'Transversal 15 #67-89'),
(16, 'Natalia', 'Juliana', 'Soto', 'Romero', 'nataliajuliana16@example.com', 6677889900, '3106789012', 'Villavicencio', 'Calle 16 #78-90'),
(17, 'Sebastián', 'José', 'Mejía', 'Ramos', 'sebastianjose17@example.com', 7788990011, '3107890123', 'Montería', 'Carrera 17 #89-01'),
(18, 'Daniela', 'Paola', 'Mora', 'Santos', 'danielapaola18@example.com', 8899001122, '3108901234', 'Tunja', 'Avenida 18 #90-12'),
(19, 'Manuel', 'Fernando', 'Vargas', 'Nieto', 'manuelfernando19@example.com', 9900112233, '3109012345', 'Sincelejo', 'Diagonal 19 #01-23'),
(20, 'Sara', 'Luz', 'Rojas', 'Díaz', 'saraluz20@example.com', 1011122334, '3201234567', 'Florencia', 'Transversal 20 #12-34'),
(21, 'Álvaro', 'Eugenio', 'Pérez', 'Gómez', 'alvaroeugenio21@example.com', 2122233344, '3202345678', 'Yopal', 'Calle 21 #23-45'),
(22, 'Mónica', 'Andrea', 'Martínez', 'Ramírez', 'monicaandrea22@example.com', 3233344455, '3203456789', 'Valledupar', 'Carrera 22 #34-56'),
(23, 'David', 'Enrique', 'Ríos', 'López', 'davidenrique23@example.com', 4344455566, '3204567890', 'Riohacha', 'Avenida 23 #45-67'),
(24, 'Paula', 'Milena', 'Gutiérrez', 'Molina', 'paulamilena24@example.com', 5455566677, '3205678901', 'Quibdó', 'Diagonal 24 #56-78'),
(25, 'Alejandro', 'Antonio', 'Figueroa', 'Reyes', 'alejandroantonio25@example.com', 6566677788, '3206789012', 'San Andrés', 'Transversal 25 #67-89'),
(26, 'Carolina', 'Marcela', 'Ruiz', 'Córdoba', 'carolinamarcela26@example.com', 7677788899, '3207890123', 'Leticia', 'Calle 26 #78-90'),
(27, 'Miguel', 'Ángel', 'Lara', 'Cruz', 'miguelangel27@example.com', 8788899900, '3208901234', 'Mitú', 'Carrera 27 #89-01'),
(28, 'Lucía', 'Cristina', 'Campos', 'Álvarez', 'luciacristina28@example.com', 9899000011, '3209012345', 'Mocoa', 'Avenida 28 #90-12'),
(29, 'Sofía', 'Mariana', 'Rincón', 'Paredes', 'sofiamariana29@example.com', 1001122334, '3301234567', 'Inírida', 'Diagonal 29 #01-23'),
(30, 'Tomás', 'Eduardo', 'Londoño', 'Morales', 'tomaseduardo30@example.com', 1102233445, '3302345678', 'San José del Guaviare', 'Transversal 30 #12-34'),
(31, 'Emilia', 'Valeria', 'Peña', 'Herrera', 'emiliavaleria31@example.com', 1203344556, '3303456789', 'Puerto Carreño', 'Calle 31 #23-45'),
(32, 'Martín', 'Vicente', 'Castaño', 'Ríos', 'martinvicente32@example.com', 1304455667, '3304567890', 'Arauca', 'Carrera 32 #34-56'),
(33, 'Clara', 'Verónica', 'Paredes', 'Medina', 'claraveronica33@example.com', 1405566778, '3305678901', 'Puerto Inírida', 'Avenida 33 #45-67'),
(34, 'Rodrigo', 'Iván', 'Serrano', 'Méndez', 'rodrigoivan34@example.com', 1506677889, '3306789012', 'San José del Guaviare', 'Diagonal 34 #56-78'),
(35, 'Isabel', 'Cristina', 'Reyes', 'García', 'isabelcristina35@example.com', 1607788990, '3307890123', 'Mitú', 'Transversal 35 #67-89'),
(36, 'Samuel', 'Alberto', 'León', 'Lara', 'samuelalberto36@example.com', 1708899901, '3308901234', 'Leticia', 'Calle 36 #78-90'),
(37, 'María', 'José', 'Patiño', 'López', 'mariajose37@example.com', 1809900012, '3309012345', 'San Andrés', 'Carrera 37 #89-01'),
(38, 'Esteban', 'Fernando', 'González', 'Rodríguez', 'estebanfernando38@example.com', 1901122333, '3401234567', 'Quibdó', 'Avenida 38 #90-12'),
(39, 'Marta', 'Patricia', 'Hernández', 'Rojas', 'martapatricia39@example.com', 2002233444, '3402345678', 'Riohacha', 'Diagonal 39 #01-23'),
(40, 'Francisco', 'Antonio', 'Suárez', 'Gómez', 'franciscoantonio40@example.com', 2103344555, '3403456789', 'Valledupar', 'Transversal 40 #12-34'),
(41, 'Laura', 'Catalina', 'Gutiérrez', 'Martínez', 'lauracatalina41@example.com', 2204455666, '3404567890', 'Yopal', 'Calle 41 #23-45'),
(42, 'Carlos', 'David', 'Ortiz', 'Peña', 'carlosdavid42@example.com', 2305566777, '3405678901', 'Florencia', 'Carrera 42 #34-56'),
(43, 'Liliana', 'María', 'Rojas', 'García', 'lilianamaria43@example.com', 2406677888, '3406789012', 'Sincelejo', 'Avenida 43 #45-67'),
(44, 'Germán', 'Andrés', 'Pérez', 'Ramírez', 'germanandres44@example.com', 2507788999, '3407890123', 'Tunja', 'Diagonal 44 #56-78'),
(45, 'Vanessa', 'Paola', 'López', 'Santos', 'vanessapaola45@example.com', 2608899900, '3408901234', 'Montería', 'Transversal 45 #67-89'),
(46, 'Rafael', 'Javier', 'Torres', 'Ramos', 'rafaeljavier46@example.com', 2709900011, '3409012345', 'Villavicencio', 'Calle 46 #78-90'),
(47, 'Marcela', 'Andrea', 'Soto', 'Ortiz', 'marcelaandrea47@example.com', 2801122334, '3501234567', 'Armenia', 'Carrera 47 #89-01'),
(48, 'Felipe', 'Alejandro', 'Vargas', 'Molina', 'felipealejandro48@example.com', 2902233445, '3502345678', 'Pasto', 'Avenida 48 #90-12'),
(49, 'Verónica', 'Isabel', 'Moreno', 'Peña', 'veronicaisabel49@example.com', 3003344556, '3503456789', 'Popayán', 'Diagonal 49 #01-23'),
(50, 'Oscar', 'Luis', 'Ríos', 'Guzmán', 'oscarluis50@example.com', 3104455667, '3504567890', 'Neiva', 'Transversal 50 #12-34'),
(51, 'Carmen', 'Julia', 'Castaño', 'Herrera', 'carmenjulia51@example.com', 3205566778, '3505678901', 'Ibagué', 'Calle 51 #23-45'),
(52, 'Hugo', 'Antonio', 'Guzmán', 'Rodríguez', 'hugoantonio52@example.com', 3306677889, '3506789012', 'Santa Marta', 'Carrera 52 #34-56'),
(53, 'Diana', 'Paola', 'Paredes', 'Martínez', 'dianapaola53@example.com', 3407788990, '3507890123', 'Cúcuta', 'Avenida 53 #45-67'),
(54, 'José', 'Miguel', 'Campos', 'Ramírez', 'josemiguel54@example.com', 3508899901, '3508901234', 'Manizales', 'Diagonal 54 #56-78'),
(55, 'Cecilia', 'María', 'Mora', 'Torres', 'ceciliamaria55@example.com', 3609900012, '3509012345', 'Pereira', 'Transversal 55 #67-89'),
(56, 'Fernando', 'Alberto', 'Vargas', 'Gómez', 'fernandoalberto56@example.com', 3701122334, '3601234567', 'Bucaramanga', 'Calle 56 #78-90'),
(57, 'Patricia', 'Carolina', 'Rojas', 'Sánchez', 'patriciacarolina57@example.com', 3802233445, '3602345678', 'Cartagena', 'Carrera 57 #89-01'),
(58, 'Luis', 'Javier', 'Gutiérrez', 'Hernández', 'luisjavier58@example.com', 3903344556, '3603456789', 'Barranquilla', 'Avenida 58 #90-12'),
(59, 'Estela', 'Beatriz', 'Patiño', 'García', 'estelabeatriz59@example.com', 4004455667, '3604567890', 'Cali', 'Diagonal 59 #01-23'),
(60, 'Mario', 'Eugenio', 'Serrano', 'López', 'marioeugenio60@example.com', 4105566778, '3605678901', 'Medellín', 'Transversal 60 #12-34'),
(61, 'Alicia', 'Patricia', 'Lara', 'Pérez', 'aliciapatricia61@example.com', 4206677889, '3606789012', 'Bogotá', 'Calle 61 #23-45'),
(62, 'Fabián', 'Andrés', 'Campos', 'Rojas', 'fabianandres62@example.com', 4307788990, '3607890123', 'Ibagué', 'Carrera 62 #34-56'),
(63, 'Paola', 'María', 'Ríos', 'López', 'paolamaria63@example.com', 4408899901, '3608901234', 'Neiva', 'Avenida 63 #45-67'),
(64, 'Julián', 'Antonio', 'González', 'Rodríguez', 'julianantonio64@example.com', 4509900012, '3609012345', 'Popayán', 'Diagonal 64 #56-78'),
(65, 'Liliana', 'Patricia', 'Soto', 'Guzmán', 'lilianapatricia65@example.com', 4601122334, '3701234567', 'Pasto', 'Transversal 65 #67-89'),
(66, 'Ramiro', 'Alberto', 'Vargas', 'Herrera', 'ramiroalberto66@example.com', 4702233445, '3702345678', 'Armenia', 'Calle 66 #78-90'),
(67, 'Adriana', 'María', 'Gómez', 'Peña', 'adrianamaria67@example.com', 4803344556, '3703456789', 'Villavicencio', 'Carrera 67 #89-01'),
(68, 'Edwin', 'Andrés', 'Reyes', 'Ortiz', 'edwinandres68@example.com', 4904455667, '3704567890', 'Montería', 'Avenida 68 #90-12'),
(69, 'María', 'Paula', 'Moreno', 'Ramírez', 'mariapaula69@example.com', 5005566778, '3705678901', 'Tunja', 'Diagonal 69 #01-23'),
(70, 'Gonzalo', 'David', 'Rojas', 'Santos', 'gonzalodavid70@example.com', 5106677889, '3706789012', 'Sincelejo', 'Transversal 70 #12-34'),
(71, 'Rosalía', 'Elena', 'Paredes', 'Ramos', 'rosaliaelena71@example.com', 5207788990, '3707890123', 'Florencia', 'Calle 71 #23-45'),
(72, 'Nelson', 'Enrique', 'Gutiérrez', 'Gómez', 'nelsonenrique72@example.com', 5308899901, '3708901234', 'Yopal', 'Carrera 72 #34-56'),
(73, 'Claudia', 'Andrea', 'Campos', 'García', 'claudiaandrea73@example.com', 5409900012, '3709012345', 'Valledupar', 'Avenida 73 #45-67'),
(74, 'Hernán', 'Alfonso', 'Mora', 'Ramírez', 'hernanalfonso74@example.com', 5511122334, '3801234567', 'Riohacha', 'Diagonal 74 #56-78'),
(75, 'Olga', 'Patricia', 'Ríos', 'Guzmán', 'olgarpatricia75@example.com', 5612233445, '3802345678', 'Quibdó', 'Transversal 75 #67-89'),
(76, 'Raúl', 'Antonio', 'González', 'Rodríguez', 'raulantonio76@example.com', 5713344556, '3803456789', 'San Andrés', 'Calle 76 #78-90'),
(77, 'Lucía', 'María', 'Soto', 'Peña', 'luciamaria77@example.com', 5814455667, '3804567890', 'Mitú', 'Carrera 77 #89-01'),
(78, 'Eduardo', 'Javier', 'Vargas', 'García', 'eduardojavier78@example.com', 5915566778, '3805678901', 'Leticia', 'Avenida 78 #90-12'),
(79, 'Rosa', 'Andrea', 'Pérez', 'Ramírez', 'rosaandrea79@example.com', 6016677889, '3806789012', 'San José del Guaviare', 'Diagonal 79 #01-23'),
(80, 'Jorge', 'Luis', 'Castaño', 'López', 'jorgeluis80@example.com', 6117788990, '3807890123', 'Puerto Carreño', 'Transversal 80 #12-34'),
(81, 'Liliana', 'Paola', 'Gutiérrez', 'Pérez', 'lilianapaola81@example.com', 6218899901, '3808901234', 'Arauca', 'Calle 81 #23-45'),
(82, 'Jaime', 'Antonio', 'Ortiz', 'Santos', 'jaimeantonio82@example.com', 6319900012, '3809012345', 'Puerto Inírida', 'Carrera 82 #34-56'),
(83, 'María', 'Fernanda', 'Ríos', 'Molina', 'mariafernanda83@example.com', 6421122334, '3901234567', 'San José del Guaviare', 'Avenida 83 #45-67'),
(84, 'Francisco', 'José', 'Hernández', 'Peña', 'franciscojose84@example.com', 6522233445, '3902345678', 'Mitú', 'Diagonal 84 #56-78'),
(85, 'Gloria', 'Patricia', 'Gómez', 'Córdoba', 'gloriapatricia85@example.com', 6623344556, '3903456789', 'Leticia', 'Transversal 85 #67-89'),
(86, 'Carlos', 'Alberto', 'López', 'Mora', 'carlosalberto86@example.com', 6724455667, '3904567890', 'San Andrés', 'Calle 86 #78-90'),
(87, 'Ana', 'María', 'Campos', 'Rojas', 'anamaría87@example.com', 6825566778, '3905678901', 'Quibdó', 'Carrera 87 #89-01'),
(88, 'Gabriel', 'José', 'Paredes', 'Rodríguez', 'gabrieljose88@example.com', 6926677889, '3906789012', 'Riohacha', 'Avenida 88 #90-12'),
(89, 'Esteban', 'Luis', 'Rojas', 'Ramírez', 'estebanluis89@example.com', 7027788990, '3907890123', 'Valledupar', 'Diagonal 89 #01-23'),
(90, 'Mónica', 'Andrea', 'Suárez', 'Gómez', 'monicaandrea90@example.com', 7128899901, '3908901234', 'Yopal', 'Transversal 90 #12-34'),
(91, 'Luis', 'Miguel', 'González', 'López', 'luismiguel91@example.com', 7229900012, '3909012345', 'Florencia', 'Calle 91 #23-45'),
(92, 'Diana', 'Paola', 'Hernández', 'Peña', 'dianapaola92@example.com', 7331122334, '4001234567', 'Sincelejo', 'Carrera 92 #34-56'),
(93, 'Oscar', 'Eduardo', 'Ríos', 'Guzmán', 'oscareduardo93@example.com', 7432233445, '4002345678', 'Tunja', 'Avenida 93 #45-67'),
(94, 'Beatriz', 'Patricia', 'Campos', 'Ramírez', 'beatrizpatricia94@example.com', 7533344556, '4003456789', 'Montería', 'Diagonal 94 #56-78'),
(95, 'Ramón', 'Antonio', 'Pérez', 'Santos', 'ramonantonio95@example.com', 7634455667, '4004567890', 'Villavicencio', 'Transversal 95 #67-89'),
(96, 'Paula', 'Andrea', 'Gutiérrez', 'García', 'paulaandrea96@example.com', 7735566778, '4005678901', 'Armenia', 'Calle 96 #78-90'),
(97, 'Mario', 'David', 'Ortiz', 'Peña', 'mariodavid97@example.com', 7836677889, '4006789012', 'Pasto', 'Carrera 97 #89-01'),
(98, 'Lucía', 'Isabel', 'Ríos', 'Rodríguez', 'luciaisabel98@example.com', 7937788990, '4007890123', 'Popayán', 'Avenida 98 #90-12'),
(99, 'Raúl', 'Enrique', 'González', 'Guzmán', 'raulenrique99@example.com', 8038899901, '4008901234', 'Neiva', 'Diagonal 99 #01-23'),
(100, 'Elena', 'Patricia', 'Pérez', 'López', 'elenapatricia100@example.com', 8139900012, '4009012345', 'Ibagué', 'Transversal 100 #12-34');

INSERT INTO sucursales (id, email, celular, telefono, ciudad, direccion) VALUES
(1, 'sucursal1@example.com', '3201234567', '5712345678', 'Bogotá', 'Calle 1 #10-20'),
(2, 'sucursal2@example.com', '3212345678', '5712345679', 'Medellín', 'Carrera 2 #11-21'),
(3, 'sucursal3@example.com', '3223456789', '5712345680', 'Cali', 'Avenida 3 #12-22'),
(4, 'sucursal4@example.com', '3234567890', '5712345681', 'Barranquilla', 'Diagonal 4 #13-23'),
(5, 'sucursal5@example.com', '3245678901', '5712345682', 'Cartagena', 'Transversal 5 #14-24'),
(6, 'sucursal6@example.com', '3256789012', '5712345683', 'Bucaramanga', 'Calle 6 #15-25'),
(7, 'sucursal7@example.com', '3267890123', '5712345684', 'Pereira', 'Carrera 7 #16-26'),
(8, 'sucursal8@example.com', '3278901234', '5712345685', 'Santa Marta', 'Avenida 8 #17-27'),
(9, 'sucursal9@example.com', '3289012345', '5712345686', 'Cúcuta', 'Diagonal 9 #18-28'),
(10, 'sucursal10@example.com', '3290123456', '5712345687', 'Ibagué', 'Transversal 10 #19-29'),
(11, 'sucursal11@example.com', '3301234567', '5712345688', 'Villavicencio', 'Calle 11 #20-30'),
(12, 'sucursal12@example.com', '3312345678', '5712345689', 'Manizales', 'Carrera 12 #21-31'),
(13, 'sucursal13@example.com', '3323456789', '5712345690', 'Neiva', 'Avenida 13 #22-32'),
(14, 'sucursal14@example.com', '3334567890', '5712345691', 'Pasto', 'Diagonal 14 #23-33'),
(15, 'sucursal15@example.com', '3345678901', '5712345692', 'Armenia', 'Transversal 15 #24-34'),
(16, 'sucursal16@example.com', '3356789012', '5712345693', 'Popayán', 'Calle 16 #25-35'),
(17, 'sucursal17@example.com', '3367890123', '5712345694', 'Tunja', 'Carrera 17 #26-36'),
(18, 'sucursal18@example.com', '3378901234', '5712345695', 'Montería', 'Avenida 18 #27-37'),
(19, 'sucursal19@example.com', '3389012345', '5712345696', 'Sincelejo', 'Diagonal 19 #28-38'),
(20, 'sucursal20@example.com', '3390123456', '5712345697', 'Florencia', 'Transversal 20 #29-39'),
(21, 'sucursal21@example.com', '3401234567', '5712345698', 'Quibdó', 'Calle 21 #30-40'),
(22, 'sucursal22@example.com', '3412345678', '5712345699', 'Riohacha', 'Carrera 22 #31-41'),
(23, 'sucursal23@example.com', '3423456789', '5712345700', 'Valledupar', 'Avenida 23 #32-42'),
(24, 'sucursal24@example.com', '3434567890', '5712345701', 'Yopal', 'Diagonal 24 #33-43'),
(25, 'sucursal25@example.com', '3445678901', '5712345702', 'San Andrés', 'Transversal 25 #34-44'),
(26, 'sucursal26@example.com', '3456789012', '5712345703', 'Leticia', 'Calle 26 #35-45'),
(27, 'sucursal27@example.com', '3467890123', '5712345704', 'Mitú', 'Carrera 27 #36-46'),
(28, 'sucursal28@example.com', '3478901234', '5712345705', 'Puerto Carreño', 'Avenida 28 #37-47'),
(29, 'sucursal29@example.com', '3489012345', '5712345706', 'Puerto Inírida', 'Diagonal 29 #38-48'),
(30, 'sucursal30@example.com', '3490123456', '5712345707', 'San José del Guaviare', 'Transversal 30 #39-49'),
(31, 'sucursal31@example.com', '3501234567', '5712345708', 'Arauca', 'Calle 31 #40-50'),
(32, 'sucursal32@example.com', '3512345678', '5712345709', 'Mocoa', 'Carrera 32 #41-51'),
(33, 'sucursal33@example.com', '3523456789', '5712345710', 'Mitú', 'Avenida 33 #42-52'),
(34, 'sucursal34@example.com', '3534567890', '5712345711', 'Leticia', 'Diagonal 34 #43-53'),
(35, 'sucursal35@example.com', '3545678901', '5712345712', 'Florencia', 'Transversal 35 #44-54'),
(36, 'sucursal36@example.com', '3556789012', '5712345713', 'San Andrés', 'Calle 36 #45-55'),
(37, 'sucursal37@example.com', '3567890123', '5712345714', 'Valledupar', 'Carrera 37 #46-56'),
(38, 'sucursal38@example.com', '3578901234', '5712345715', 'Yopal', 'Avenida 38 #47-57'),
(39, 'sucursal39@example.com', '3589012345', '5712345716', 'Sincelejo', 'Diagonal 39 #48-58'),
(40, 'sucursal40@example.com', '3590123456', '5712345717', 'Montería', 'Transversal 40 #49-59'),
(41, 'sucursal41@example.com', '3601234567', '5712345718', 'Tunja', 'Calle 41 #50-60'),
(42, 'sucursal42@example.com', '3612345678', '5712345719', 'Popayán', 'Carrera 42 #51-61'),
(43, 'sucursal43@example.com', '3623456789', '5712345720', 'Armenia', 'Avenida 43 #52-62'),
(44, 'sucursal44@example.com', '3634567890', '5712345721', 'Pasto', 'Diagonal 44 #53-63'),
(45, 'sucursal45@example.com', '3645678901', '5712345722', 'Neiva', 'Transversal 45 #54-64'),
(46, 'sucursal46@example.com', '3656789012', '5712345723', 'Manizales', 'Calle 46 #55-65'),
(47, 'sucursal47@example.com', '3667890123', '5712345724', 'Villavicencio', 'Carrera 47 #56-66'),
(48, 'sucursal48@example.com', '3678901234', '5712345725', 'Ibagué', 'Avenida 48 #57-67'),
(49, 'sucursal49@example.com', '3689012345', '5712345726', 'Cúcuta', 'Diagonal 49 #58-68'),
(50, 'sucursal50@example.com', '3690123456', '5712345727', 'Santa Marta', 'Transversal 50 #59-69'),
(51, 'sucursal51@example.com', '3701234567', '5712345728', 'Pereira', 'Calle 51 #60-70'),
(52, 'sucursal52@example.com', '3712345678', '5712345729', 'Bucaramanga', 'Carrera 52 #61-71'),
(53, 'sucursal53@example.com', '3723456789', '5712345730', 'Cartagena', 'Avenida 53 #62-72'),
(54, 'sucursal54@example.com', '3734567890', '5712345731', 'Barranquilla', 'Diagonal 54 #63-73'),
(55, 'sucursal55@example.com', '3745678901', '5712345732', 'Cali', 'Transversal 55 #64-74'),
(56, 'sucursal56@example.com', '3756789012', '5712345733', 'Medellín', 'Calle 56 #65-75'),
(57, 'sucursal57@example.com', '3767890123', '5712345734', 'Bogotá', 'Carrera 57 #66-76'),
(58, 'sucursal58@example.com', '3778901234', '5712345735', 'Santa Marta', 'Avenida 58 #67-77'),
(59, 'sucursal59@example.com', '3789012345', '5712345736', 'Cúcuta', 'Diagonal 59 #68-78'),
(60, 'sucursal60@example.com', '3790123456', '5712345737', 'Ibagué', 'Transversal 60 #69-79'),
(61, 'sucursal61@example.com', '3801234567', '5712345738', 'Villavicencio', 'Calle 61 #70-80'),
(62, 'sucursal62@example.com', '3812345678', '5712345739', 'Manizales', 'Carrera 62 #71-81'),
(63, 'sucursal63@example.com', '3823456789', '5712345740', 'Neiva', 'Avenida 63 #72-82'),
(64, 'sucursal64@example.com', '3834567890', '5712345741', 'Pasto', 'Diagonal 64 #73-83'),
(65, 'sucursal65@example.com', '3845678901', '5712345742', 'Armenia', 'Transversal 65 #74-84'),
(66, 'sucursal66@example.com', '3856789012', '5712345743', 'Popayán', 'Calle 66 #75-85'),
(67, 'sucursal67@example.com', '3867890123', '5712345744', 'Tunja', 'Carrera 67 #76-86'),
(68, 'sucursal68@example.com', '3878901234', '5712345745', 'Montería', 'Avenida 68 #77-87'),
(69, 'sucursal69@example.com', '3889012345', '5712345746', 'Sincelejo', 'Diagonal 69 #78-88'),
(70, 'sucursal70@example.com', '3890123456', '5712345747', 'Florencia', 'Transversal 70 #79-89'),
(71, 'sucursal71@example.com', '3901234567', '5712345748', 'Quibdó', 'Calle 71 #80-90'),
(72, 'sucursal72@example.com', '3912345678', '5712345749', 'Riohacha', 'Carrera 72 #81-91'),
(73, 'sucursal73@example.com', '3923456789', '5712345750', 'Valledupar', 'Avenida 73 #82-92'),
(74, 'sucursal74@example.com', '3934567890', '5712345751', 'Yopal', 'Diagonal 74 #83-93'),
(75, 'sucursal75@example.com', '3945678901', '5712345752', 'San Andrés', 'Transversal 75 #84-94'),
(76, 'sucursal76@example.com', '3956789012', '5712345753', 'Leticia', 'Calle 76 #85-95'),
(77, 'sucursal77@example.com', '3967890123', '5712345754', 'Mitú', 'Carrera 77 #86-96'),
(78, 'sucursal78@example.com', '3978901234', '5712345755', 'Puerto Carreño', 'Avenida 78 #87-97'),
(79, 'sucursal79@example.com', '3989012345', '5712345756', 'Puerto Inírida', 'Diagonal 79 #88-98'),
(80, 'sucursal80@example.com', '3990123456', '5712345757', 'San José del Guaviare', 'Transversal 80 #89-99'),
(81, 'sucursal81@example.com', '4001234567', '5712345758', 'Arauca', 'Calle 81 #90-100'),
(82, 'sucursal82@example.com', '4012345678', '5712345759', 'Mocoa', 'Carrera 82 #91-101'),
(83, 'sucursal83@example.com', '4023456789', '5712345760', 'Mitú', 'Avenida 83 #92-102'),
(84, 'sucursal84@example.com', '4034567890', '5712345761', 'Leticia', 'Diagonal 84 #93-103'),
(85, 'sucursal85@example.com', '4045678901', '5712345762', 'Florencia', 'Transversal 85 #94-104'),
(86, 'sucursal86@example.com', '4056789012', '5712345763', 'San Andrés', 'Calle 86 #95-105'),
(87, 'sucursal87@example.com', '4067890123', '5712345764', 'Valledupar', 'Carrera 87 #96-106'),
(88, 'sucursal88@example.com', '4078901234', '5712345765', 'Yopal', 'Avenida 88 #97-107'),
(89, 'sucursal89@example.com', '4089012345', '5712345766', 'Sincelejo', 'Diagonal 89 #98-108'),
(90, 'sucursal90@example.com', '4090123456', '5712345767', 'Montería', 'Transversal 90 #99-109'),
(91, 'sucursal91@example.com', '4101234567', '5712345768', 'Tunja', 'Calle 91 #100-110'),
(92, 'sucursal92@example.com', '4112345678', '5712345769', 'Popayán', 'Carrera 92 #101-111'),
(93, 'sucursal93@example.com', '4123456789', '5712345770', 'Armenia', 'Avenida 93 #102-112'),
(94, 'sucursal94@example.com', '4134567890', '5712345771', 'Pasto', 'Diagonal 94 #103-113'),
(95, 'sucursal95@example.com', '4145678901', '5712345772', 'Neiva', 'Transversal 95 #104-114'),
(96, 'sucursal96@example.com', '4156789012', '5712345773', 'Manizales', 'Calle 96 #105-115'),
(97, 'sucursal97@example.com', '4167890123', '5712345774', 'Villavicencio', 'Carrera 97 #106-116'),
(98, 'sucursal98@example.com', '4178901234', '5712345775', 'Ibagué', 'Avenida 98 #107-117'),
(99, 'sucursal99@example.com', '4189012345', '5712345776', 'Cúcuta', 'Diagonal 99 #108-118'),
(100, 'sucursal100@example.com', '4190123456', '5712345777', 'Santa Marta', 'Transversal 100 #109-119');

INSERT INTO empleado (id, nombre1, nombre2, apellido1, apellido2, email, cedula, celular, ciudad_residencia, direccion, id_sucursal) VALUES
(1, 'Juan', 'Carlos', 'Pérez', 'González', 'juan.perez@example.com', 1012345678, '3001234567', 'Bogotá', 'Calle 1 #10-20', 1),
(2, 'María', 'Luisa', 'Gómez', 'Martínez', 'maria.gomez@example.com', 1023456789, '3012345678', 'Medellín', 'Carrera 2 #11-21', 2),
(3, 'Luis', 'Fernando', 'Rodríguez', 'López', 'luis.rodriguez@example.com', 1034567890, '3023456789', 'Cali', 'Avenida 3 #12-22', 3),
(4, 'Ana', 'Isabel', 'Fernández', 'Ramírez', 'ana.fernandez@example.com', 1045678901, '3034567890', 'Barranquilla', 'Diagonal 4 #13-23', 4),
(5, 'Carlos', 'Eduardo', 'García', 'Torres', 'carlos.garcia@example.com', 1056789012, '3045678901', 'Cartagena', 'Transversal 5 #14-24', 5),
(6, 'Laura', 'Patricia', 'Hernández', 'Gómez', 'laura.hernandez@example.com', 1067890123, '3056789012', 'Bucaramanga', 'Calle 6 #15-25', 6),
(7, 'Pedro', 'Antonio', 'Martínez', 'Díaz', 'pedro.martinez@example.com', 1078901234, '3067890123', 'Pereira', 'Carrera 7 #16-26', 7),
(8, 'Marta', 'Elena', 'Sánchez', 'Jiménez', 'marta.sanchez@example.com', 1089012345, '3078901234', 'Santa Marta', 'Avenida 8 #17-27', 8),
(9, 'Diego', 'Alberto', 'Ramírez', 'Castro', 'diego.ramirez@example.com', 1090123456, '3089012345', 'Cúcuta', 'Diagonal 9 #18-28', 9),
(10, 'Sofía', 'Alejandra', 'Vargas', 'Molina', 'sofia.vargas@example.com', 1101234567, '3090123456', 'Ibagué', 'Transversal 10 #19-29', 10),
(11, 'Andrés', 'Felipe', 'Morales', 'Ruiz', 'andres.morales@example.com', 1112345678, '3101234567', 'Villavicencio', 'Calle 11 #20-30', 11),
(12, 'Valeria', 'Andrea', 'Ortiz', 'Guzmán', 'valeria.ortiz@example.com', 1123456789, '3112345678', 'Manizales', 'Carrera 12 #21-31', 12),
(13, 'Ricardo', 'José', 'Pineda', 'Rojas', 'ricardo.pineda@example.com', 1134567890, '3123456789', 'Neiva', 'Avenida 13 #22-32', 13),
(14, 'Paola', 'Viviana', 'Castillo', 'Medina', 'paola.castillo@example.com', 1145678901, '3134567890', 'Pasto', 'Diagonal 14 #23-33', 14),
(15, 'Jorge', 'Esteban', 'Ramos', 'Silva', 'jorge.ramos@example.com', 1156789012, '3145678901', 'Armenia', 'Transversal 15 #24-34', 15),
(16, 'Lucía', 'Gabriela', 'Guerrero', 'Ortiz', 'lucia.guerrero@example.com', 1167890123, '3156789012', 'Popayán', 'Calle 16 #25-35', 16),
(17, 'Samuel', 'Roberto', 'Salazar', 'Moreno', 'samuel.salazar@example.com', 1178901234, '3167890123', 'Tunja', 'Carrera 17 #26-36', 17),
(18, 'Claudia', 'Lorena', 'Vega', 'Pérez', 'claudia.vega@example.com', 1189012345, '3178901234', 'Montería', 'Avenida 18 #27-37', 18),
(19, 'Francisco', 'Javier', 'Fuentes', 'Muñoz', 'francisco.fuentes@example.com', 1190123456, '3189012345', 'Sincelejo', 'Diagonal 19 #28-38', 19),
(20, 'Alejandra', 'Natalia', 'Mejía', 'Hernández', 'alejandra.mejia@example.com', 1201234567, '3190123456', 'Florencia', 'Transversal 20 #29-39', 20),
(21, 'José', 'Miguel', 'Carrillo', 'Romero', 'jose.carrillo@example.com', 1212345678, '3201234567', 'Quibdó', 'Calle 21 #30-40', 21),
(22, 'Juliana', 'Camila', 'Luna', 'Vargas', 'juliana.luna@example.com', 1223456789, '3212345678', 'Riohacha', 'Carrera 22 #31-41', 22),
(23, 'Álvaro', 'Luis', 'Palacios', 'Mendoza', 'alvaro.palacios@example.com', 1234567890, '3223456789', 'Valledupar', 'Avenida 23 #32-42', 23),
(24, 'Carolina', 'Mariana', 'Campos', 'Morales', 'carolina.campos@example.com', 1245678901, '3234567890', 'Yopal', 'Diagonal 24 #33-43', 24),
(25, 'Manuel', 'Enrique', 'Díaz', 'Pérez', 'manuel.diaz@example.com', 1256789012, '3245678901', 'San Andrés', 'Transversal 25 #34-44', 25),
(26, 'Gabriela', 'Adriana', 'Rojas', 'García', 'gabriela.rojas@example.com', 1267890123, '3256789012', 'Leticia', 'Calle 26 #35-45', 26),
(27, 'Roberto', 'Fernando', 'Navarro', 'López', 'roberto.navarro@example.com', 1278901234, '3267890123', 'Mitú', 'Carrera 27 #36-46', 27),
(28, 'Catalina', 'Isabel', 'Maldonado', 'Gómez', 'catalina.maldonado@example.com', 1289012345, '3278901234', 'Puerto Carreño', 'Avenida 28 #37-47', 28),
(29, 'Fernando', 'Antonio', 'Romero', 'Díaz', 'fernando.romero@example.com', 1290123456, '3289012345', 'Puerto Inírida', 'Diagonal 29 #38-48', 29),
(30, 'Sandra', 'Patricia', 'Pacheco', 'Torres', 'sandra.pacheco@example.com', 1301234567, '3290123456', 'San José del Guaviare', 'Transversal 30 #39-49', 30),
(31, 'Miguel', 'Ángel', 'Cortés', 'Martínez', 'miguel.cortes@example.com', 1312345678, '3301234567', 'Arauca', 'Calle 31 #40-50', 31),
(32, 'Mariana', 'Alejandra', 'Rubio', 'Rojas', 'mariana.rubio@example.com', 1323456789, '3312345678', 'Mocoa', 'Carrera 32 #41-51', 32),
(33, 'Sergio', 'Ramiro', 'Arango', 'González', 'sergio.arango@example.com', 1334567890, '3323456789', 'Mitú', 'Avenida 33 #42-52', 33),
(34, 'Isabel', 'Margarita', 'Osorio', 'Moreno', 'isabel.osorio@example.com', 1345678901, '3334567890', 'Leticia', 'Diagonal 34 #43-53', 34),
(35, 'Rodrigo', 'Esteban', 'Gómez', 'Rojas', 'rodrigo.gomez@example.com', 1356789012, '3345678901', 'Florencia', 'Transversal 35 #44-54', 35),
(36, 'Inés', 'Cecilia', 'López', 'García', 'ines.lopez@example.com', 1367890123, '3356789012', 'San Andrés', 'Calle 36 #45-55', 36),
(37, 'Cristian', 'Andrés', 'Morales', 'Pérez', 'cristian.morales@example.com', 1378901234, '3367890123', 'Valledupar', 'Carrera 37 #46-56', 37),
(38, 'Diana', 'Paola', 'Álvarez', 'Martínez', 'diana.alvarez@example.com', 1389012345, '3378901234', 'Yopal', 'Avenida 38 #47-57', 38),
(39, 'Javier', 'Eduardo', 'Cruz', 'Gómez', 'javier.cruz@example.com', 1390123456, '3389012345', 'Sincelejo', 'Diagonal 39 #48-58', 39),
(40, 'Natalia', 'Lorena', 'Silva', 'Torres', 'natalia.silva@example.com', 1401234567, '3390123456', 'Montería', 'Transversal 40 #49-59', 40),
(41, 'Joaquín', 'Arturo', 'Medina', 'López', 'joaquin.medina@example.com', 1412345678, '3401234567', 'Tunja', 'Calle 41 #50-60', 41),
(42, 'Verónica', 'Claudia', 'Ríos', 'Martínez', 'veronica.rios@example.com', 1423456789, '3412345678', 'Popayán', 'Carrera 42 #51-61', 42),
(43, 'Pablo', 'Alonso', 'Suárez', 'Gómez', 'pablo.suarez@example.com', 1434567890, '3423456789', 'Armenia', 'Avenida 43 #52-62', 43),
(44, 'Lorena', 'Tatiana', 'Soto', 'Rojas', 'lorena.soto@example.com', 1445678901, '3434567890', 'Pasto', 'Diagonal 44 #53-63', 44),
(45, 'Felipe', 'Raúl', 'Lara', 'González', 'felipe.lara@example.com', 1456789012, '3445678901', 'Neiva', 'Transversal 45 #54-64', 45),
(46, 'Gloria', 'Patricia', 'Muñoz', 'López', 'gloria.munoz@example.com', 1467890123, '3456789012', 'Manizales', 'Calle 46 #55-65', 46),
(47, 'Hugo', 'Manuel', 'Vargas', 'Martínez', 'hugo.vargas@example.com', 1478901234, '3467890123', 'Villavicencio', 'Carrera 47 #56-66', 47),
(48, 'Lina', 'Marcela', 'Campos', 'Gómez', 'lina.campos@example.com', 1489012345, '3478901234', 'Ibagué', 'Avenida 48 #57-67', 48),
(49, 'Eduardo', 'Francisco', 'Arias', 'Torres', 'eduardo.arias@example.com', 1490123456, '3489012345', 'Cúcuta', 'Diagonal 49 #58-68', 49),
(50, 'Patricia', 'Juliana', 'Pérez', 'López', 'patricia.perez@example.com', 1501234567, '3490123456', 'Santa Marta', 'Transversal 50 #59-69', 50),
(51, 'Oscar', 'Adrián', 'Gómez', 'Martínez', 'oscar.gomez@example.com', 1512345678, '3501234567', 'Bogotá', 'Calle 51 #60-70', 51),
(52, 'Beatriz', 'Isabel', 'García', 'González', 'beatriz.garcia@example.com', 1523456789, '3512345678', 'Medellín', 'Carrera 52 #61-71', 52),
(53, 'Enrique', 'José', 'Rodríguez', 'López', 'enrique.rodriguez@example.com', 1534567890, '3523456789', 'Cali', 'Avenida 53 #62-72', 53),
(54, 'Paula', 'Andrea', 'Fernández', 'Ramírez', 'paula.fernandez@example.com', 1545678901, '3534567890', 'Barranquilla', 'Diagonal 54 #63-73', 54),
(55, 'Antonio', 'Luis', 'García', 'Torres', 'antonio.garcia@example.com', 1556789012, '3545678901', 'Cartagena', 'Transversal 55 #64-74', 55),
(56, 'Elena', 'María', 'Hernández', 'Gómez', 'elena.hernandez@example.com', 1567890123, '3556789012', 'Bucaramanga', 'Calle 56 #65-75', 56),
(57, 'Mario', 'Ramón', 'Martínez', 'Díaz', 'mario.martinez@example.com', 1578901234, '3567890123', 'Pereira', 'Carrera 57 #66-76', 57),
(58, 'Natalia', 'Laura', 'Sánchez', 'Jiménez', 'natalia.sanchez@example.com', 1589012345, '3578901234', 'Santa Marta', 'Avenida 58 #67-77', 58),
(59, 'Gustavo', 'Andrés', 'Ramírez', 'Castro', 'gustavo.ramirez@example.com', 1590123456, '3589012345', 'Cúcuta', 'Diagonal 59 #68-78', 59),
(60, 'Mónica', 'Carolina', 'Vargas', 'Molina', 'monica.vargas@example.com', 1601234567, '3590123456', 'Ibagué', 'Transversal 60 #69-79', 60),
(61, 'Julián', 'Esteban', 'Morales', 'Ruiz', 'julian.morales@example.com', 1612345678, '3601234567', 'Villavicencio', 'Calle 61 #70-80', 61),
(62, 'Camila', 'Valeria', 'Ortiz', 'Guzmán', 'camila.ortiz@example.com', 1623456789, '3612345678', 'Manizales', 'Carrera 62 #71-81', 62),
(63, 'Hernán', 'Ricardo', 'Pineda', 'Rojas', 'hernan.pineda@example.com', 1634567890, '3623456789', 'Neiva', 'Avenida 63 #72-82', 63),
(64, 'Andrea', 'Paola', 'Castillo', 'Medina', 'andrea.castillo@example.com', 1645678901, '3634567890', 'Pasto', 'Diagonal 64 #73-83', 64),
(65, 'Esteban', 'Jorge', 'Ramos', 'Silva', 'esteban.ramos@example.com', 1656789012, '3645678901', 'Armenia', 'Transversal 65 #74-84', 65),
(66, 'Gabriel', 'Lucía', 'Guerrero', 'Ortiz', 'gabriel.guerrero@example.com', 1667890123, '3656789012', 'Popayán', 'Calle 66 #75-85', 66),
(67, 'Ramiro', 'Samuel', 'Salazar', 'Moreno', 'ramiro.salazar@example.com', 1678901234, '3667890123', 'Tunja', 'Carrera 67 #76-86', 67),
(68, 'Clara', 'Lorena', 'Vega', 'Pérez', 'clara.vega@example.com', 1689012345, '3678901234', 'Montería', 'Avenida 68 #77-87', 68),
(69, 'Joaquín', 'Francisco', 'Fuentes', 'Muñoz', 'joaquin.fuentes@example.com', 1690123456, '3689012345', 'Sincelejo', 'Diagonal 69 #78-88', 69),
(70, 'Marcela', 'Alejandra', 'Mejía', 'Hernández', 'marcela.mejia@example.com', 1701234567, '3690123456', 'Florencia', 'Transversal 70 #79-89', 70),
(71, 'Miguel', 'José', 'Carrillo', 'Romero', 'miguel.carrillo@example.com', 1712345678, '3701234567', 'Quibdó', 'Calle 71 #80-90', 71),
(72, 'Sofía', 'Juliana', 'Luna', 'Vargas', 'sofia.luna@example.com', 1723456789, '3712345678', 'Riohacha', 'Carrera 72 #81-91', 72),
(73, 'Arturo', 'Álvaro', 'Palacios', 'Mendoza', 'arturo.palacios@example.com', 1734567890, '3723456789', 'Valledupar', 'Avenida 73 #82-92', 73),
(74, 'Gabriela', 'Carolina', 'Campos', 'Morales', 'gabriela.campos@example.com', 1745678901, '3734567890', 'Yopal', 'Diagonal 74 #83-93', 74),
(75, 'Luis', 'Manuel', 'Díaz', 'Pérez', 'luis.diaz@example.com', 1756789012, '3745678901', 'San Andrés', 'Transversal 75 #84-94', 75),
(76, 'Adriana', 'Gabriela', 'Rojas', 'García', 'adriana.rojas@example.com', 1767890123, '3756789012', 'Leticia', 'Calle 76 #85-95', 76),
(77, 'Fernando', 'Roberto', 'Navarro', 'López', 'fernando.navarro@example.com', 1778901234, '3767890123', 'Mitú', 'Carrera 77 #86-96', 77),
(78, 'Margarita', 'Catalina', 'Maldonado', 'Gómez', 'margarita.maldonado@example.com', 1789012345, '3778901234', 'Puerto Carreño', 'Avenida 78 #87-97', 78),
(79, 'Antonio', 'Fernando', 'Romero', 'Díaz', 'antonio.romero@example.com', 1790123456, '3789012345', 'Puerto Inírida', 'Diagonal 79 #88-98', 79),
(80, 'Patricia', 'Sandra', 'Pacheco', 'Torres', 'patricia.pacheco@example.com', 1801234567, '3790123456', 'San José del Guaviare', 'Transversal 80 #89-99', 80),
(81, 'Manuel', 'Miguel', 'Cortés', 'Martínez', 'manuel.cortes@example.com', 1812345678, '3801234567', 'Arauca', 'Calle 81 #90-100', 81),
(82, 'Alejandra', 'Mariana', 'Rubio', 'Rojas', 'alejandra.rubio@example.com', 1823456789, '3812345678', 'Mocoa', 'Carrera 82 #91-101', 82),
(83, 'Ramiro', 'Sergio', 'Arango', 'González', 'ramiro.arango@example.com', 1834567890, '3823456789', 'Mitú', 'Avenida 83 #92-102', 83),
(84, 'Marcela', 'Isabel', 'Osorio', 'Moreno', 'marcela.osorio@example.com', 1845678901, '3834567890', 'Leticia', 'Diagonal 84 #93-103', 84),
(85, 'Esteban', 'Rodrigo', 'Gómez', 'Rojas', 'esteban.gomez@example.com', 1856789012, '3845678901', 'Florencia', 'Transversal 85 #94-104', 85),
(86, 'Claudia', 'Inés', 'López', 'García', 'claudia.lopez@example.com', 1867890123, '3856789012', 'San Andrés', 'Calle 86 #95-105', 86),
(87, 'Andrés', 'Cristian', 'Morales', 'Pérez', 'andres.morales@example.com', 1878901234, '3867890123', 'Valledupar', 'Carrera 87 #96-106', 87),
(88, 'Carolina', 'Diana', 'Álvarez', 'Martínez', 'carolina.alvarez@example.com', 1889012345, '3878901234', 'Yopal', 'Avenida 88 #97-107', 88),
(89, 'Francisco', 'Javier', 'Cruz', 'Gómez', 'francisco.cruz@example.com', 1890123456, '3889012345', 'Sincelejo', 'Diagonal 89 #98-108', 89),
(90, 'Lucía', 'Natalia', 'Silva', 'Torres', 'lucia.silva@example.com', 1901234567, '3890123456', 'Montería', 'Transversal 90 #99-109', 90),
(91, 'Oscar', 'Joaquín', 'Medina', 'López', 'oscar.medina@example.com', 1912345678, '3901234567', 'Tunja', 'Calle 91 #100-110', 91),
(92, 'Verónica', 'Beatriz', 'Ríos', 'Martínez', 'veronica.rios@example.com', 1923456789, '3912345678', 'Popayán', 'Carrera 92 #101-111', 92),
(93, 'Pablo', 'Felipe', 'Suárez', 'Gómez', 'pablo.suarez@example.com', 1934567890, '3923456789', 'Armenia', 'Avenida 93 #102-112', 93),
(94, 'Patricia', 'Lorena', 'Soto', 'Rojas', 'patricia.soto@example.com', 1945678901, '3934567890', 'Pasto', 'Diagonal 94 #103-113', 94),
(95, 'Felipe', 'Esteban', 'Lara', 'González', 'felipe.lara@example.com', 1956789012, '3945678901', 'Neiva', 'Transversal 95 #104-114', 95),
(96, 'Claudia', 'Gloria', 'Muñoz', 'López', 'claudia.munoz@example.com', 1967890123, '3956789012', 'Manizales', 'Calle 96 #105-115', 96),
(97, 'Hugo', 'Mario', 'Vargas', 'Martínez', 'hugo.vargas@example.com', 1978901234, '3967890123', 'Villavicencio', 'Carrera 97 #106-116', 97),
(98, 'Lina', 'Mónica', 'Campos', 'Gómez', 'lina.campos@example.com', 1989012345, '3978901234', 'Ibagué', 'Avenida 98 #107-117', 98),
(99, 'Eduardo', 'Javier', 'Arias', 'Torres', 'eduardo.arias@example.com', 1990123456, '3989012345', 'Cúcuta', 'Diagonal 99 #108-118', 99),
(100, 'Patricia', 'Juliana', 'Pérez', 'López', 'patricia.perez@example.com', 2001234567, '3990123456', 'Santa Marta', 'Transversal 100 #109-119', 100);

INSERT INTO vehiculo (id, color, motor, sunroof, capacidad, puertas, modelo, referencia, placa, tipo_vehiculo) VALUES
(1, 'Rojo', 'Gasolina', 'No', '5 personas', 4, 'Sedán', '2023', 'ABC123', 'Automóvil'),
(2, 'Negro', 'Diesel', 'Sí', '7 personas', 5, 'SUV', '2023', 'DEF456', 'Camioneta'),
(3, 'Blanco', 'Híbrido', 'No', '5 personas', 4, 'Hatchback', '2023', 'GHI789', 'Automóvil'),
(4, 'Azul', 'Gasolina', 'Sí', '7 personas', 5, 'SUV', '2023', 'JKL012', 'Camioneta'),
(5, 'Plata', 'Diesel', 'No', '5 personas', 4, 'Sedán', '2023', 'MNO345', 'Automóvil'),
(6, 'Negro', 'Híbrido', 'Sí', '7 personas', 5, 'SUV', '2023', 'PQR678', 'Camioneta'),
(7, 'Rojo', 'Gasolina', 'No', '5 personas', 4, 'Hatchback', '2023', 'STU901', 'Automóvil'),
(8, 'Blanco', 'Diesel', 'Sí', '7 personas', 5, 'SUV', '2023', 'VWX234', 'Camioneta'),
(9, 'Azul', 'Híbrido', 'No', '5 personas', 4, 'Sedán', '2023', 'YZA567', 'Automóvil'),
(10, 'Plata', 'Gasolina', 'Sí', '7 personas', 5, 'SUV', '2023', 'BCD890', 'Camioneta'),
(11, 'Rojo', 'Diesel', 'No', '5 personas', 4, 'Hatchback', '2023', 'EFG123', 'Automóvil'),
(12, 'Negro', 'Híbrido', 'Sí', '7 personas', 5, 'SUV', '2023', 'HIJ456', 'Camioneta'),
(13, 'Blanco', 'Gasolina', 'No', '5 personas', 4, 'Sedán', '2023', 'KLM789', 'Automóvil'),
(14, 'Azul', 'Diesel', 'Sí', '7 personas', 5, 'SUV', '2023', 'NOP012', 'Camioneta'),
(15, 'Plata', 'Híbrido', 'No', '5 personas', 4, 'Hatchback', '2023', 'QRS345', 'Automóvil'),
(16, 'Rojo', 'Gasolina', 'Sí', '7 personas', 5, 'SUV', '2023', 'TUV678', 'Camioneta'),
(17, 'Negro', 'Diesel', 'No', '5 personas', 4, 'Sedán', '2023', 'WXY901', 'Automóvil'),
(18, 'Blanco', 'Híbrido', 'Sí', '7 personas', 5, 'SUV', '2023', 'ZAB234', 'Camioneta'),
(19, 'Azul', 'Gasolina', 'No', '5 personas', 4, 'Hatchback', '2023', 'CDE567', 'Automóvil'),
(20, 'Plata', 'Diesel', 'Sí', '7 personas', 5, 'SUV', '2023', 'FGH890', 'Camioneta'),
(21, 'Rojo', 'Híbrido', 'No', '5 personas', 4, 'Sedán', '2023', 'IJK123', 'Automóvil'),
(22, 'Negro', 'Gasolina', 'Sí', '7 personas', 5, 'SUV', '2023', 'LMN456', 'Camioneta'),
(23, 'Blanco', 'Diesel', 'No', '5 personas', 4, 'Hatchback', '2023', 'OPQ789', 'Automóvil'),
(24, 'Azul', 'Híbrido', 'Sí', '7 personas', 5, 'SUV', '2023', 'RST012', 'Camioneta'),
(25, 'Plata', 'Gasolina', 'No', '5 personas', 4, 'Sedán', '2023', 'UVW345', 'Automóvil'),
(26, 'Rojo', 'Diesel', 'Sí', '7 personas', 5, 'SUV', '2023', 'XYZ678', 'Camioneta'),
(27, 'Negro', 'Híbrido', 'No', '5 personas', 4, 'Hatchback', '2023', 'ABC901', 'Automóvil'),
(28, 'Blanco', 'Gasolina', 'Sí', '7 personas', 5, 'SUV', '2023', 'DEF234', 'Camioneta'),
(29, 'Azul', 'Diesel', 'No', '5 personas', 4, 'Sedán', '2023', 'GHI567', 'Automóvil'),
(30, 'Plata', 'Híbrido', 'Sí', '7 personas', 5, 'SUV', '2023', 'JKL890', 'Camioneta'),
(31, 'Rojo', 'Gasolina', 'No', '5 personas', 4, 'Hatchback', '2023', 'MNO123', 'Automóvil'),
(32, 'Negro', 'Diesel', 'Sí', '7 personas', 5, 'SUV', '2023', 'PQR456', 'Camioneta'),
(33, 'Blanco', 'Híbrido', 'No', '5 personas', 4, 'Sedán', '2023', 'STU789', 'Automóvil'),
(34, 'Azul', 'Gasolina', 'Sí', '7 personas', 5, 'SUV', '2023', 'VWX012', 'Camioneta'),
(35, 'Plata', 'Diesel', 'No', '5 personas', 4, 'Hatchback', '2023', 'YZA345', 'Automóvil'),
(36, 'Rojo', 'Híbrido', 'Sí', '7 personas', 5, 'SUV', '2023', 'BCD678', 'Camioneta'),
(37, 'Negro', 'Gasolina', 'No', '5 personas', 4, 'Sedán', '2023', 'EFG901', 'Automóvil'),
(38, 'Blanco', 'Diesel', 'Sí', '7 personas', 5, 'SUV', '2023', 'HIJ234', 'Camioneta'),
(39, 'Azul', 'Híbrido', 'No', '5 personas', 4, 'Hatchback', '2023', 'KLM567', 'Automóvil'),
(40, 'Plata', 'Gasolina', 'Sí', '7 personas', 5, 'SUV', '2023', 'NOP890', 'Camioneta'),
(41, 'Rojo', 'Diesel', 'No', '5 personas', 4, 'Sedán', '2023', 'QRS012', 'Automóvil'),
(42, 'Negro', 'Híbrido', 'Sí', '7 personas', 5, 'SUV', '2023', 'TUV345', 'Camioneta'),
(43, 'Blanco', 'Gasolina', 'No', '5 personas', 4, 'Hatchback', '2023', 'WXY678', 'Automóvil'),
(44, 'Azul', 'Diesel', 'Sí', '7 personas', 5, 'SUV', '2023', 'ZAB901', 'Camioneta'),
(45, 'Plata', 'Híbrido', 'No', '5 personas', 4, 'Sedán', '2023', 'CDE234', 'Automóvil'),
(46, 'Rojo', 'Gasolina', 'Sí', '7 personas', 5, 'SUV', '2023', 'FGH567', 'Camioneta'),
(47, 'Negro', 'Diesel', 'No', '5 personas', 4, 'Hatchback', '2023', 'IJK890', 'Automóvil'),
(48, 'Blanco', 'Híbrido', 'Sí', '7 personas', 5, 'SUV', '2023', 'LMN123', 'Camioneta'),
(49, 'Azul', 'Gasolina', 'No', '5 personas', 4, 'Sedán', '2023', 'OPQ456', 'Automóvil'),
(50, 'Plata', 'Diesel', 'Sí', '7 personas', 5, 'SUV', '2023', 'RST789', 'Camioneta'),
(51, 'Rojo', 'Híbrido', 'No', '5 personas', 4, 'Hatchback', '2023', 'UVW012', 'Automóvil'),
(52, 'Negro', 'Gasolina', 'Sí', '7 personas', 5, 'SUV', '2023', 'XYZ345', 'Camioneta'),
(53, 'Blanco', 'Diesel', 'No', '5 personas', 4, 'Sedán', '2023', 'ABC678', 'Automóvil'),
(54, 'Azul', 'Híbrido', 'Sí', '7 personas', 5, 'SUV', '2023', 'DEF901', 'Camioneta'),
(55, 'Plata', 'Gasolina', 'No', '5 personas', 4, 'Hatchback', '2023', 'GHI234', 'Automóvil'),
(56, 'Rojo', 'Diesel', 'Sí', '7 personas', 5, 'SUV', '2023', 'JKL567', 'Camioneta'),
(57, 'Negro', 'Híbrido', 'No', '5 personas', 4, 'Sedán', '2023', 'MNO890', 'Automóvil'),
(58, 'Blanco', 'Gasolina', 'Sí', '7 personas', 5, 'SUV', '2023', 'PQR123', 'Camioneta'),
(59, 'Azul', 'Diesel', 'No', '5 personas', 4, 'Hatchback', '2023', 'STU456', 'Automóvil'),
(60, 'Plata', 'Híbrido', 'Sí', '7 personas', 5, 'SUV', '2023', 'VWX789', 'Camioneta'),
(61, 'Rojo', 'Gasolina', 'No', '5 personas', 4, 'Sedán', '2023', 'YZA012', 'Automóvil'),
(62, 'Negro', 'Diesel', 'Sí', '7 personas', 5, 'SUV', '2023', 'BCD345', 'Camioneta'),
(63, 'Blanco', 'Híbrido', 'No', '5 personas', 4, 'Hatchback', '2023', 'EFG678', 'Automóvil'),
(64, 'Azul', 'Gasolina', 'Sí', '7 personas', 5, 'SUV', '2023', 'HIJ901', 'Camioneta'),
(65, 'Plata', 'Diesel', 'No', '5 personas', 4, 'Sedán', '2023', 'KLM234', 'Automóvil'),
(66, 'Rojo', 'Híbrido', 'Sí', '7 personas', 5, 'SUV', '2023', 'NOP567', 'Camioneta'),
(67, 'Negro', 'Gasolina', 'No', '5 personas', 4, 'Hatchback', '2023', 'QRS890', 'Automóvil'),
(68, 'Blanco', 'Diesel', 'Sí', '7 personas', 5, 'SUV', '2023', 'TUV123', 'Camioneta'),
(69, 'Azul', 'Híbrido', 'No', '5 personas', 4, 'Sedán', '2023', 'WXY456', 'Automóvil'),
(70, 'Plata', 'Gasolina', 'Sí', '7 personas', 5, 'SUV', '2023', 'ZAB789', 'Camioneta'),
(71, 'Rojo', 'Diesel', 'No', '5 personas', 4, 'Hatchback', '2023', 'CDE012', 'Automóvil'),
(72, 'Negro', 'Híbrido', 'Sí', '7 personas', 5, 'SUV', '2023', 'FGH345', 'Camioneta'),
(73, 'Blanco', 'Gasolina', 'No', '5 personas', 4, 'Sedán', '2023', 'IJK678', 'Automóvil'),
(74, 'Azul', 'Diesel', 'Sí', '7 personas', 5, 'SUV', '2023', 'LMN901', 'Camioneta'),
(75, 'Plata', 'Híbrido', 'No', '5 personas', 4, 'Hatchback', '2023', 'OPQ234', 'Automóvil'),
(76, 'Rojo', 'Gasolina', 'Sí', '7 personas', 5, 'SUV', '2023', 'RST567', 'Camioneta'),
(77, 'Negro', 'Diesel', 'No', '5 personas', 4, 'Sedán', '2023', 'UVW890', 'Automóvil'),
(78, 'Blanco', 'Híbrido', 'Sí', '7 personas', 5, 'SUV', '2023', 'XYZ123', 'Camioneta'),
(79, 'Azul', 'Gasolina', 'No', '5 personas', 4, 'Hatchback', '2023', 'ABC456', 'Automóvil'),
(80, 'Plata', 'Diesel', 'Sí', '7 personas', 5, 'SUV', '2023', 'DEF789', 'Camioneta'),
(81, 'Rojo', 'Híbrido', 'No', '5 personas', 4, 'Sedán', '2023', 'GHI012', 'Automóvil'),
(82, 'Negro', 'Gasolina', 'Sí', '7 personas', 5, 'SUV', '2023', 'JKL345', 'Camioneta'),
(83, 'Blanco', 'Diesel', 'No', '5 personas', 4, 'Hatchback', '2023', 'MNO678', 'Automóvil'),
(84, 'Azul', 'Híbrido', 'Sí', '7 personas', 5, 'SUV', '2023', 'PQR901', 'Camioneta'),
(85, 'Plata', 'Gasolina', 'No', '5 personas', 4, 'Sedán', '2023', 'STU234', 'Automóvil'),
(86, 'Rojo', 'Diesel', 'Sí', '7 personas', 5, 'SUV', '2023', 'VWX567', 'Camioneta'),
(87, 'Negro', 'Híbrido', 'No', '5 personas', 4, 'Hatchback', '2023', 'YZA890', 'Automóvil'),
(88, 'Blanco', 'Gasolina', 'Sí', '7 personas', 5, 'SUV', '2023', 'BCD123', 'Camioneta'),
(89, 'Azul', 'Diesel', 'No', '5 personas', 4, 'Sedán', '2023', 'EFG456', 'Automóvil'),
(90, 'Plata', 'Híbrido', 'Sí', '7 personas', 5, 'SUV', '2023', 'HIJ789', 'Camioneta'),
(91, 'Rojo', 'Gasolina', 'No', '5 personas', 4, 'Hatchback', '2023', 'KLM012', 'Automóvil'),
(92, 'Negro', 'Diesel', 'Sí', '7 personas', 5, 'SUV', '2023', 'NOP345', 'Camioneta'),
(93, 'Blanco', 'Híbrido', 'No', '5 personas', 4, 'Sedán', '2023', 'QRS678', 'Automóvil'),
(94, 'Azul', 'Gasolina', 'Sí', '7 personas', 5, 'SUV', '2023', 'TUV901', 'Camioneta'),
(95, 'Plata', 'Diesel', 'No', '5 personas', 4, 'Hatchback', '2023', 'WXY234', 'Automóvil'),
(96, 'Rojo', 'Híbrido', 'Sí', '7 personas', 5, 'SUV', '2023', 'ZAB567', 'Camioneta'),
(97, 'Negro', 'Gasolina', 'No', '5 personas', 4, 'Sedán', '2023', 'CDE890', 'Automóvil'),
(98, 'Blanco', 'Diesel', 'Sí', '7 personas', 5, 'SUV', '2023', 'FGH123', 'Camioneta'),
(99, 'Azul', 'Híbrido', 'No', '5 personas', 4, 'Hatchback', '2023', 'IJK456', 'Automóvil'),
(100, 'Plata', 'Gasolina', 'Sí', '7 personas', 5, 'SUV', '2023', 'LMN789', 'Camioneta');

INSERT INTO alquileres (id, fecha_salida, fecha_llegada, fecha_esperada_llegada, valor_alquiler_semana, valor_alquiler_dia, porcentaje_descuento, valor_cotizado, valor_pagado, id_vehiculo, id_empleado, id_cliente, id_sucursal_salida, id_sucursal_llegada) VALUES
(1, '2024-06-01', '2024-06-10', '2024-06-11', 500000, 75000, 0.1, 450000, 450000, 1, 1, 1, 1, 2),
(2, '2024-06-02', '2024-06-12', '2024-06-13', 600000, 90000, 0.1, 540000, 540000, 2, 2, 2, 2, 3),
(3, '2024-06-03', '2024-06-13', '2024-06-14', 550000, 80000, 0.1, 495000, 495000, 3, 3, 3, 3, 4),
(4, '2024-06-04', '2024-06-14', '2024-06-15', 650000, 95000, 0.1, 585000, 585000, 4, 4, 4, 4, 5),
(5, '2024-06-05', '2024-06-15', '2024-06-16', 700000, 100000, 0.1, 630000, 630000, 5, 5, 5, 5, 1),
(6, '2024-06-06', '2024-06-16', '2024-06-17', 500000, 75000, 0.1, 450000, 450000, 6, 6, 6, 6, 2),
(7, '2024-06-07', '2024-06-17', '2024-06-18', 600000, 90000, 0.1, 540000, 540000, 7, 7, 7, 7, 3),
(8, '2024-06-08', '2024-06-18', '2024-06-19', 550000, 80000, 0.1, 495000, 495000, 8, 8, 8, 8, 4),
(9, '2024-06-09', '2024-06-19', '2024-06-20', 650000, 95000, 0.1, 585000, 585000, 9, 9, 9, 9, 5),
(10, '2024-06-10', '2024-06-20', '2024-06-21', 700000, 100000, 0.1, 630000, 630000, 10, 10, 10, 10, 1),
(11, '2024-06-11', '2024-06-21', '2024-06-22', 500000, 75000, 0.1, 450000, 450000, 11, 11, 11, 11, 2),
(12, '2024-06-12', '2024-06-22', '2024-06-23', 600000, 90000, 0.1, 540000, 540000, 12, 12, 12, 12, 3),
(13, '2024-06-13', '2024-06-23', '2024-06-24', 550000, 80000, 0.1, 495000, 495000, 13, 13, 13, 13, 4),
(14, '2024-06-14', '2024-06-24', '2024-06-25', 650000, 95000, 0.1, 585000, 585000, 14, 14, 14, 14, 5),
(15, '2024-06-15', '2024-06-25', '2024-06-26', 700000, 100000, 0.1, 630000, 630000, 15, 15, 15, 15, 1),
(16, '2024-06-16', '2024-06-26', '2024-06-27', 500000, 75000, 0.1, 450000, 450000, 16, 16, 16, 16, 2),
(17, '2024-06-17', '2024-06-27', '2024-06-28', 600000, 90000, 0.1, 540000, 540000, 17, 17, 17, 17, 3),
(18, '2024-06-18', '2024-06-28', '2024-06-29', 550000, 80000, 0.1, 495000, 495000, 18, 18, 18, 18, 4),
(19, '2024-06-19', '2024-06-29', '2024-06-30', 650000, 95000, 0.1, 585000, 585000, 19, 19, 19, 19, 5),
(20, '2024-06-20', '2024-06-30', '2024-07-01', 700000, 100000, 0.1, 630000, 630000, 20, 20, 20, 20, 1),
(21, '2024-06-21', '2024-07-01', '2024-07-02', 500000, 75000, 0.1, 450000, 450000, 21, 21, 21, 21, 2),
(22, '2024-06-22', '2024-07-02', '2024-07-03', 600000, 90000, 0.1, 540000, 540000, 22, 22, 22, 22, 3),
(23, '2024-06-23', '2024-07-03', '2024-07-04', 550000, 80000, 0.1, 495000, 495000, 23, 23, 23, 23, 4),
(24, '2024-06-24', '2024-07-04', '2024-07-05', 650000, 95000, 0.1, 585000, 585000, 24, 24, 24, 24, 5),
(25, '2024-06-25', '2024-07-05', '2024-07-06', 700000, 100000, 0.1, 630000, 630000, 25, 25, 25, 25, 1),
(26, '2024-06-26', '2024-07-06', '2024-07-07', 500000, 75000, 0.1, 450000, 450000, 26, 26, 26, 26, 2),
(27, '2024-06-27', '2024-07-07', '2024-07-08', 600000, 90000, 0.1, 540000, 540000, 27, 27, 27, 27, 3),
(28, '2024-06-28', '2024-07-08', '2024-07-09', 550000, 80000, 0.1, 495000, 495000, 28, 28, 28, 28, 4),
(29, '2024-06-29', '2024-07-09', '2024-07-10', 650000, 95000, 0.1, 585000, 585000, 29, 29, 29, 29, 5),
(30, '2024-06-30', '2024-07-10', '2024-07-11', 700000, 100000, 0.1, 630000, 630000, 30, 30, 30, 30, 1),
(31, '2024-07-01', '2024-07-11', '2024-07-12', 500000, 75000, 0.1, 450000, 450000, 31, 31, 31, 31, 2),
(32, '2024-07-02', '2024-07-12', '2024-07-13', 600000, 90000, 0.1, 540000, 540000, 32, 32, 32, 32, 3),
(33, '2024-07-03', '2024-07-13', '2024-07-14', 550000, 80000, 0.1, 495000, 495000, 33, 33, 33, 33, 4),
(34, '2024-07-04', '2024-07-14', '2024-07-15', 650000, 95000, 0.1, 585000, 585000, 34, 34, 34, 34, 5),
(35, '2024-07-05', '2024-07-15', '2024-07-16', 700000, 100000, 0.1, 630000, 630000, 35, 35, 35, 35, 1),
(36, '2024-07-06', '2024-07-16', '2024-07-17', 500000, 75000, 0.1, 450000, 450000, 36, 36, 36, 36, 2),
(37, '2024-07-07', '2024-07-17', '2024-07-18', 600000, 90000, 0.1, 540000, 540000, 37, 37, 37, 37, 3),
(38, '2024-07-08', '2024-07-18', '2024-07-19', 550000, 80000, 0.1, 495000, 495000, 38, 38, 38, 38, 4),
(39, '2024-07-09', '2024-07-19', '2024-07-20', 650000, 95000, 0.1, 585000, 585000, 39, 39, 39, 39, 5),
(40, '2024-07-10', '2024-07-20', '2024-07-21', 700000, 100000, 0.1, 630000, 630000, 40, 40, 40, 40, 1),
(41, '2024-07-11', '2024-07-21', '2024-07-22', 500000, 75000, 0.1, 450000, 450000, 41, 41, 41, 41, 2),
(42, '2024-07-12', '2024-07-22', '2024-07-23', 600000, 90000, 0.1, 540000, 540000, 42, 42, 42, 42, 3),
(43, '2024-07-13', '2024-07-23', '2024-07-24', 550000, 80000, 0.1, 495000, 495000, 43, 43, 43, 43, 4),
(44, '2024-07-14', '2024-07-24', '2024-07-25', 650000, 95000, 0.1, 585000, 585000, 44, 44, 44, 44, 5),
(45, '2024-07-15', '2024-07-25', '2024-07-26', 700000, 100000, 0.1, 630000, 630000, 45, 45, 45, 45, 1),
(46, '2024-07-16', '2024-07-26', '2024-07-27', 500000, 75000, 0.1, 450000, 450000, 46, 46, 46, 46, 2),
(47, '2024-07-17', '2024-07-27', '2024-07-28', 600000, 90000, 0.1, 540000, 540000, 47, 47, 47, 47, 3),
(48, '2024-07-18', '2024-07-28', '2024-07-29', 550000, 80000, 0.1, 495000, 495000, 48, 48, 48, 48, 4),
(49, '2024-07-19', '2024-07-29', '2024-07-30', 650000, 95000, 0.1, 585000, 585000, 49, 49, 49, 49, 5),
(50, '2024-07-20', '2024-07-30', '2024-07-31', 700000, 100000, 0.1, 630000, 630000, 50, 50, 50, 50, 1),
(51, '2024-07-21', '2024-07-31', '2024-08-01', 500000, 75000, 0.1, 450000, 450000, 51, 51, 51, 51, 2),
(52, '2024-07-22', '2024-08-01', '2024-08-02', 600000, 90000, 0.1, 540000, 540000, 52, 52, 52, 52, 3),
(53, '2024-07-23', '2024-08-02', '2024-08-03', 550000, 80000, 0.1, 495000, 495000, 53, 53, 53, 53, 4),
(54, '2024-07-24', '2024-08-03', '2024-08-04', 650000, 95000, 0.1, 585000, 585000, 54, 54, 54, 54, 5),
(55, '2024-07-25', '2024-08-04', '2024-08-05', 700000, 100000, 0.1, 630000, 630000, 55, 55, 55, 55, 1),
(56, '2024-07-26', '2024-08-05', '2024-08-06', 500000, 75000, 0.1, 450000, 450000, 56, 56, 56, 56, 2),
(57, '2024-07-27', '2024-08-06', '2024-08-07', 600000, 90000, 0.1, 540000, 540000, 57, 57, 57, 57, 3),
(58, '2024-07-28', '2024-08-07', '2024-08-08', 550000, 80000, 0.1, 495000, 495000, 58, 58, 58, 58, 4),
(59, '2024-07-29', '2024-08-08', '2024-08-09', 650000, 95000, 0.1, 585000, 585000, 59, 59, 59, 59, 5),
(60, '2024-07-30', '2024-08-09', '2024-08-10', 700000, 100000, 0.1, 630000, 630000, 60, 60, 60, 60, 1),
(61, '2024-07-31', '2024-08-10', '2024-08-11', 500000, 75000, 0.1, 450000, 450000, 61, 61, 61, 61, 2),
(62, '2024-08-01', '2024-08-11', '2024-08-12', 600000, 90000, 0.1, 540000, 540000, 62, 62, 62, 62, 3),
(63, '2024-08-02', '2024-08-12', '2024-08-13', 550000, 80000, 0.1, 495000, 495000, 63, 63, 63, 63, 4),
(64, '2024-08-03', '2024-08-13', '2024-08-14', 650000, 95000, 0.1, 585000, 585000, 64, 64, 64, 64, 5),
(65, '2024-08-04', '2024-08-14', '2024-08-15', 700000, 100000, 0.1, 630000, 630000, 65, 65, 65, 65, 1),
(66, '2024-08-05', '2024-08-15', '2024-08-16', 500000, 75000, 0.1, 450000, 450000, 66, 66, 66, 66, 2),
(67, '2024-08-06', '2024-08-16', '2024-08-17', 600000, 90000, 0.1, 540000, 540000, 67, 67, 67, 67, 3),
(68, '2024-08-07', '2024-08-17', '2024-08-18', 550000, 80000, 0.1, 495000, 495000, 68, 68, 68, 68, 4),
(69, '2024-08-08', '2024-08-18', '2024-08-19', 650000, 95000, 0.1, 585000, 585000, 69, 69, 69, 69, 5),
(70, '2024-08-09', '2024-08-19', '2024-08-20', 700000, 100000, 0.1, 630000, 630000, 70, 70, 70, 70, 1),
(71, '2024-08-10', '2024-08-20', '2024-08-21', 500000, 75000, 0.1, 450000, 450000, 71, 71, 71, 71, 2),
(72, '2024-08-11', '2024-08-21', '2024-08-22', 600000, 90000, 0.1, 540000, 540000, 72, 72, 72, 72, 3),
(73, '2024-08-12', '2024-08-22', '2024-08-23', 550000, 80000, 0.1, 495000, 495000, 73, 73, 73, 73, 4),
(74, '2024-08-13', '2024-08-23', '2024-08-24', 650000, 95000, 0.1, 585000, 585000, 74, 74, 74, 74, 5),
(75, '2024-08-14', '2024-08-24', '2024-08-25', 700000, 100000, 0.1, 630000, 630000, 75, 75, 75, 75, 1),
(76, '2024-08-15', '2024-08-25', '2024-08-26', 500000, 75000, 0.1, 450000, 450000, 76, 76, 76, 76, 2),
(77, '2024-08-16', '2024-08-26', '2024-08-27', 600000, 90000, 0.1, 540000, 540000, 77, 77, 77, 77, 3),
(78, '2024-08-17', '2024-08-27', '2024-08-28', 550000, 80000, 0.1, 495000, 495000, 78, 78, 78, 78, 4),
(79, '2024-08-18', '2024-08-28', '2024-08-29', 650000, 95000, 0.1, 585000, 585000, 79, 79, 79, 79, 5),
(80, '2024-08-19', '2024-08-29', '2024-08-30', 700000, 100000, 0.1, 630000, 630000, 80, 80, 80, 80, 1),
(81, '2024-08-20', '2024-08-30', '2024-08-31', 500000, 75000, 0.1, 450000, 450000, 81, 81, 81, 81, 2),
(82, '2024-08-21', '2024-08-31', '2024-09-01', 600000, 90000, 0.1, 540000, 540000, 82, 82, 82, 82, 3),
(83, '2024-08-22', '2024-09-01', '2024-09-02', 550000, 80000, 0.1, 495000, 495000, 83, 83, 83, 83, 4),
(84, '2024-08-23', '2024-09-02', '2024-09-03', 650000, 95000, 0.1, 585000, 585000, 84, 84, 84, 84, 5),
(85, '2024-08-24', '2024-09-03', '2024-09-04', 700000, 100000, 0.1, 630000, 630000, 85, 85, 85, 85, 1),
(86, '2024-08-25', '2024-09-04', '2024-09-05', 500000, 75000, 0.1, 450000, 450000, 86, 86, 86, 86, 2),
(87, '2024-08-26', '2024-09-05', '2024-09-06', 600000, 90000, 0.1, 540000, 540000, 87, 87, 87, 87, 3),
(88, '2024-08-27', '2024-09-06', '2024-09-07', 550000, 80000, 0.1, 495000, 495000, 88, 88, 88, 88, 4),
(89, '2024-08-28', '2024-09-07', '2024-09-08', 650000, 95000, 0.1, 585000, 585000, 89, 89, 89, 89, 5),
(90, '2024-08-29', '2024-09-08', '2024-09-09', 700000, 100000, 0.1, 630000, 630000, 90, 90, 90, 90, 1),
(91, '2024-08-30', '2024-09-09', '2024-09-10', 500000, 75000, 0.1, 450000, 450000, 91, 91, 91, 91, 2),
(92, '2024-08-31', '2024-09-10', '2024-09-11', 600000, 90000, 0.1, 540000, 540000, 92, 92, 92, 92, 3),
(93, '2024-09-01', '2024-09-11', '2024-09-12', 550000, 80000, 0.1, 495000, 495000, 93, 93, 93, 93, 4),
(94, '2024-09-02', '2024-09-12', '2024-09-13', 650000, 95000, 0.1, 585000, 585000, 94, 94, 94, 94, 5),
(95, '2024-09-03', '2024-09-13', '2024-09-14', 700000, 100000, 0.1, 630000, 630000, 95, 95, 95, 95, 1),
(96, '2024-09-04', '2024-09-14', '2024-09-15', 500000, 75000, 0.1, 450000, 450000, 96, 96, 96, 96, 2),
(97, '2024-09-05', '2024-09-15', '2024-09-16', 600000, 90000, 0.1, 540000, 540000, 97, 97, 97, 97, 3),
(98, '2024-09-06', '2024-09-16', '2024-09-17', 550000, 80000, 0.1, 495000, 495000, 98, 98, 98, 98, 4),
(99, '2024-09-07', '2024-09-17', '2024-09-18', 650000, 95000, 0.1, 585000, 585000, 99, 99, 99, 99, 5),
(100, '2024-09-08', '2024-09-18', '2024-09-19', 700000, 100000, 0.1, 630000, 630000, 100, 100, 100, 100, 1);

